Headline,Source,Posted,Description,Link
Amazon just dropped the motherlode of Christmas deals — including a Lenovo Ideapad for 60% off,Yahoo Life Shopping,1 hour ago,I have received so many compliments. I even bought them for my sister-in-law as a present. She was...,https://www.yahoo.com/lifestyle/amazon-christmas-deals-190307875.html?fr=sycsrp_catchall
Apple said to release Apple TV app for Android soon,MacDailyNews,2 hours ago,"According to Twitter user / Apple leaker ShrimpApplePro, Apple is preparing to release its Apple TV app for Android soon…",https://macdailynews.com/2022/12/20/apple-said-to-release-apple-tv-app-for-android-soon/
"Assassin's Creed Jade has entirely leaked online now, with a fully playable beta",Gamepur,1 day ago,There are multiple upcoming Assassin’s Creed projects in the works by Ubisoft. One that’s coming up...,https://www.gamepur.com/news/assassins-creed-jade-has-entirely-leaked-online-now-with-a-fully-playable-beta
Apple's most significant moves of 2022 had nothing to do with the iPhone 14,Macworld,5 days ago,Some of Apple's most important maneuvers this year didn't make major headlines. The end of the year...,https://www.macworld.com/article/1436817/apple-2022-advanced-data-protection-production-mac.html
"The Weekly Authority: Chrome's ad blocking's safe, for now",Android Authority,3 days ago,"⚡ Welcome to The Weekly Authority, the Android Authority newsletter that breaks down the top Android and tech news from the week. Wondershare Filmora 12 is the latest edition ...",https://www.androidauthority.com/the-weekly-authority-december-17-2022-225-3250520/
AP Trending SummaryBrief at 1:04 p.m. EST - WKBT,WKBT La Crosse,5 days ago,A man who was serving in the Air National Guard died after he fell while snowboarding at an indoor ski park inside a New Jersey mall....,https://www.news8000.com/i/ap-trending-summarybrief-at-1128-a-m-est/
Vampire Survivors Patch Hits Alongside First DLC Legacy of the Moonspell,GameSpot,5 days ago,The DLC currently costs a whopping $1.79.,https://www.gamespot.com/articles/vampire-survivors-patch-hits-alongside-first-dlc-legacy-of-the-moonspell/1100-6510088/
"Week 50 in review: Galaxy S23 Ultra details arrive, Oppo Find N2/Flip official",GSMArena.com,2 days ago,Xiaomi announces MIUI 14. Two weeks to go in 2022!,https://www.gsmarena.com/week_50_in_review_galaxy_s23_ultra_details_arrive_oppo_find_n2_flip_official-news-56903.php
River's Edge Apartments gets approval to build new units in Coeur d'Alene,KREM.com Spokane,6 days ago,"COEUR D'ALENE, Idaho — River’s Edge Apartments came before the Coeur d’Alene Planning Commission on...",http://www.krem.com/article/news/local/idaho/rivers-edge-apartments-approval-build-new-units-coeur-dalene/293-1baabb81-31fc-4ce2-8ce4-f1b377bec0d4
Best tech of 2023: the gizmos and gadgets to look forward to in the next 12 months,TechRadar,5 days ago,"While most of you are getting excited for Christmas and ringing in the New Year, we here at...",https://www.techradar.com/news/best-tech-of-2023-the-gizmos-and-gadgets-to-look-forward-to-in-the-next-12-months
2000 Isuzu Hombre Reg Cab XS Auto 2WD Overview Isuzu Buyers Guide,The Auto Channel,6 days ago,"Isuzu Buyers Guide -- 2000 Isuzu Hombre Reg Cab XS Auto 2WD pricing, mpg, engine, transmission.",https://www.theautochannel.com/buyers-guides/Isuzu/overview.php?car=2000-Isuzu-Truck-Hombre-Reg-Cab-XS-Auto-2WD&styleid=2000270124
AP Trending SummaryBrief at 10:43 a.m. EST,Traverse City Record-Eagle,5 days ago,Two men who went missing in the Atlantic Ocean for 10 days after a storm hit their sailboat off North Carolina thanked the crew of the tanker that rescued them and said they were lucky to have ...,https://www.record-eagle.com/ap/national/ap-trending-summarybrief-at-10-43-a-m-est/article_afe8ee8e-44d2-5830-ad4f-6d11ff58d55f.html
AP Trending SummaryBrief at 12:18 p.m. EST,The Meridian Star,5 days ago,Two men who went missing in the Atlantic Ocean for 10 days after a storm hit their sailboat off North Carolina thanked the crew of the tanker that rescued them and said they were lucky to have ...,https://www.meridianstar.com/news/nation_and_world/ap-trending-summarybrief-at-12-18-p-m-est/article_258eb50c-87ec-55c4-b3a1-466a074cf5f9.html
